1,人
2,一
3,日
4,大
5,年
6,出
7,本
8,中
9,子
10,見
11,国
12,言
13,上
14,分
15,生
16,手
17,自
18,行
19,者
20,二
21,間
22,事
23,思
24,時
25,気
26,会
27,十
28,家
29,女
30,三
31,前
32,的
33,方
34,入
35,小
36,地
37,合
38,後
39,目
40,長
41,場
42,代
43,私
44,下
45,立
46,部
47,学
48,物
49,月
50,田
51,何
52,来
53,彼
54,話
55,体
56,動
57,社
58,知
59,理
60,山
61,内
62,同
63,心
64,発
65,高
66,実
67,作
68,当
69,新
70,世
71,今
72,書
73,度
74,明
75,五
76,戦
77,力
78,名
79,金
80,性
81,対
82,意
83,用
84,男
85,主
86,通
87,関
88,文
89,屋
90,感
91,郎
92,業
93,定
94,政
95,持
96,道
97,外
98,取
99,所
100,現
101,最
102,化
103,四
104,先
105,民
106,身
107,不
108,口
109,川
110,東
111,相
112,多
113,法
114,全
115,聞
116,情
117,野
118,考
119,向
120,平
121,成
122,軍
123,開
124,教
125,経
126,信
127,近
128,以
129,語
130,面
131,連
132,問
133,原
134,顔
135,正
136,機
137,九
138,次
139,数
140,美
141,回
142,食
143,表
144,八
145,声
146,水
147,報
148,真
149,味
150,界
151,無
152,少
153,要
154,海
155,変
156,結
157,切
158,重
159,天
160,神
161,記
162,木
163,集
164,和
165,員
166,引
167,公
168,画
169,死
170,安
171,兵
172,親
173,六
174,治
175,決
176,太
177,氏
178,衛
179,強
180,使
181,込
182,朝
183,受
184,島
185,解
186,市
187,期
188,様
189,村
190,活
191,頭
192,題
193,万
194,組
195,仕
196,白
197,指
198,説
199,七
200,能
201,京
202,葉
203,第
204,流
205,然
206,初
207,足
208,円
209,在
210,門
211,調
212,笑
213,品
214,電
215,議
216,直
217,着
218,保
219,別
220,夫
221,音
222,選
223,元
224,権
225,特
226,義
227,父
228,利
229,制
230,続
231,風
232,北
233,石
234,車
235,進
236,夜
237,伝
238,母
239,加
240,助
241,点
242,産
243,務
244,件
245,命
246,番
247,落
248,付
249,得
250,半
251,戸
252,好
253,空
254,有
255,違
256,吉
257,殺
258,起
259,運
260,置
261,料
262,士
263,返
264,藤
265,論
266,楽
267,際
268,歳
269,色
270,帰
271,歩
272,井
273,悪
274,広
275,店
276,反
277,町
278,形
279,百
280,光
281,首
282,勝
283,必
284,土
285,係
286,由
287,愛
288,都
289,住
290,江
291,西
292,売
293,放
294,確
295,過
296,張
297,約
298,馬
299,状
300,待
301,古
302,想
303,始
304,官
305,交
306,読
307,千
308,米
309,配
310,若
311,終
312,資
313,常
314,果
315,呼
316,校
317,武
318,共
319,計
320,残
321,判
322,役
323,城
324,院
325,他
326,総
327,術
328,支
329,送
330,族
331,両
332,乗
333,団
334,松
335,映
336,応
337,済
338,線
339,買
340,設
341,右
342,供
343,格
344,病
345,打
346,視
347,早
348,勢
349,御
350,断
351,式
352,質
353,師
354,台
355,党
356,告
357,深
358,存
359,争
360,室
361,覚
362,史
363,側
364,飛
365,参
366,可
367,態
368,営
369,府
370,突
371,巻
372,容
373,姿
374,育
375,之
376,介
377,建
378,南
379,構
380,認
381,位
382,達
383,転
384,左
385,皇
386,宮
387,守
388,満
389,消
390,任
391,医
392,蔵
393,止
394,造
395,居
396,離
397,根
398,予
399,路
400,字
401,座
402,工
403,寺
404,基
405,客
406,急
407,船
408,図
409,追
410,隊
411,査
412,背
413,観
414,誰
415,黒
416,素
417,息
418,価
419,将
420,伊
421,改
422,県
423,撃
424,失
425,泉
426,老
427,良
428,示
429,振
430,号
431,像
432,職
433,王
434,識
435,警
436,花
437,優
438,投
439,英
440,細
441,局
442,難
443,種
444,証
445,走
446,念
447,寄
448,商
449,青
450,谷
451,害
452,奥
453,派
454,僕
455,佐
456,頼
457,横
458,友
459,再
460,増
461,紀
462,統
463,答
464,差
465,火
466,苦
467,器
468,収
469,段
470,異
471,血
472,護
473,紙
474,俺
475,歌
476,渡
477,与
478,注
479,条
480,演
481,算
482,赤
483,備
484,独
485,象
486,清
487,技
488,州
489,申
490,例
491,働
492,景
493,領
494,春
495,抜
496,遠
497,橋
498,源
499,芸
500,影
501,型
502,絶
503,館
504,眼
505,香
506,負
507,福
508,企
509,旅
510,球
511,酒
512,君
513,験
514,量
515,察
516,写
517,望
518,久
519,婚
520,単
521,押
522,割
523,限
524,戻
525,科
526,求
527,津
528,案
529,談
530,降
531,妻
532,岡
533,境
534,熱
535,策
536,浮
537,階
538,等
539,末
540,宗
541,区
542,波
543,提
544,去
545,幸
546,研
547,移
548,域
549,飲
550,肉
551,草
552,周
553,昭
554,越
555,服
556,接
557,鉄
558,密
559,司
560,登
561,頃
562,銀
563,類
564,検
565,未
566,材
567,個
568,康
569,沢
570,協
571,茶
572,各
573,究
574,帯
575,規
576,秀
577,歴
578,編
579,興
580,裏
581,精
582,洋
583,率
584,抱
585,比
586,坂
587,評
588,装
589,監
590,崎
591,省
592,鮮
593,税
594,激
595,徳
596,挙
597,志
598,労
599,競
600,処
601,退
602,費
603,非
604,囲
605,喜
606,辺
607,敷
608,系
609,河
610,織
611,製
612,娘
613,端
614,逃
615,探
616,極
617,遺
618,防
619,低
620,犯
621,薬
622,園
623,疑
624,林
625,導
626,緒
627,静
628,具
629,席
630,房
631,速
632,街
633,舞
634,宿
635,森
636,程
637,丸
638,胸
639,陸
640,倒
641,寝
642,宅
643,兄
644,療
645,絵
646,諸
647,尾
648,株
649,破
650,秋
651,堂
652,従
653,庭
654,管
655,婦
656,仲
657,革
658,余
659,敵
660,展
661,訪
662,担
663,冷
664,効
665,暮
666,腹
667,賞
668,危
669,毎
670,星
671,許
672,復
673,似
674,片
675,並
676,底
677,険
678,描
679,週
680,修
681,財
682,遊
683,温
684,軽
685,録
686,腰
687,我
688,著
689,乱
690,章
691,雑
692,殿
693,載
694,響
695,秘
696,布
697,恐
698,攻
699,値
700,角
701,暗
702,習
703,健
704,仏
705,積
706,裁
707,試
708,夏
709,隠
710,永
711,誌
712,夢
713,環
714,援
715,故
716,幕
717,減
718,略
719,準
720,委
721,痛
722,富
723,督
724,倉
725,弟
726,刻
727,鳴
728,令
729,刊
730,施
731,焼
732,欲
733,途
734,曲
735,耳
736,完
737,里
738,願
739,罪
740,圧
741,額
742,印
743,嫌
744,池
745,陽
746,臣
747,庫
748,継
749,亡
750,散
751,障
752,貴
753,農
754,掛
755,板
756,昨
757,整
758,怒
759,衆
760,恋
761,羽
762,及
763,専
764,逆
765,腕
766,盛
767,玄
768,留
769,礼
770,短
771,普
772,岩
773,竹
774,児
775,毛
776,列
777,恵
778,版
779,授
780,雪
781,弾
782,宇
783,養
784,驚
785,払
786,奈
787,推
788,給
789,況
790,樹
791,為
792,阿
793,敗
794,雄
795,捕
796,刀
797,被
798,雨
799,岸
800,超
801,豊
802,忘
803,含
804,弁
805,植
806,妙
807,模
808,補
809,抗
810,級
811,休
812,暴
813,課
814,瞬
815,称
816,跡
817,触
818,玉
819,晴
820,華
821,因
822,震
823,折
824,億
825,肩
826,劇
827,迎
828,傷
829,悲
830,闘
831,港
832,責
833,筋
834,訳
835,除
836,射
837,善
838,刺
839,黙
840,柄
841,刑
842,節
843,述
844,輪
845,困
846,脱
847,浅
848,鳥
849,厳
850,純
851,犬
852,博
853,陣
854,薄
855,阪
856,閉
857,吸
858,奇
859,忠
860,韓
861,夕
862,固
863,染
864,巨
865,講
866,微
867,髪
868,標
869,束
870,縁
871,眠
872,壁
873,午
874,般
875,湯
876,訊
877,捨
878,駆
879,衣
880,替
881,麻
882,甲
883,央
884,藩
885,骨
886,彦
887,齢
888,易
889,照
890,云
891,迫
892,層
893,踏
894,窓
895,弱
896,討
897,聖
898,典
899,剣
900,症
901,祖
902,築
903,納
904,勤
905,昔
906,脳
907,便
908,適
909,弥
910,融
911,航
912,快
913,浜
914,郷
915,翌
916,旧
917,吹
918,惑
919,柳
920,拠
921,奉
922,筆
923,壊
924,換
925,益
926,群
927,句
928,属
929,候
930,爆
931,功
932,捜
933,帝
934,賀
935,魚
936,堀
937,油
938,怖
939,叫
940,伸
941,創
942,辞
943,泣
944,憶
945,幹
946,否
947,露
948,矢
949,承
950,雲
951,握
952,練
953,儀
954,紹
955,聴
956,包
957,庁
958,測
959,占
960,混
961,倍
962,乳
963,襲
964,借
965,徴
966,荒
967,詰
968,飯
969,栄
970,床
971,丁
972,憲
973,則
974,禁
975,順
976,駅
977,閣
978,昼
979,枚
980,救
981,厚
982,皮
983,陰
984,繰
985,那
986,冬
987,輸
988,操
989,智
990,騒
991,己
992,濃
993,魔
994,遅
995,簡
996,撮
997,携
998,姉
999,隣
1000,孫
1001,丈
1002,煙
1003,黄
1004,曜
1005,宣
1006,徒
1007,届
1008,遣
1009,訴
1010,絡
1011,茂
1012,採
1013,釣
1014,批
1015,誘
1016,核
1017,哲
1018,豪
1019,傾
1020,締
1021,欠
1022,鹿
1023,就
1024,迷
1025,滅
1026,仰
1027,瀬
1028,洗
1029,互
1030,鼻
1031,致
1032,伏
1033,宝
1034,也
1035,杉
1036,患
1037,審
1038,才
1039,延
1040,律
1041,希
1042,避
1043,吾
1044,揺
1045,甘
1046,湾
1047,浦
1048,沈
1049,至
1050,販
1051,裕
1052,更
1053,盟
1054,欧
1055,執
1056,崩
1057,鬼
1058,酸
1059,砂
1060,尊
1061,拡
1062,紅
1063,漢
1064,複
1065,歯
1066,泊
1067,銃
1068,荷
1069,維
1070,盗
1071,枝
1072,縄
1073,詩
1074,廃
1075,充
1076,依
1077,鏡
1078,幼
1079,仮
1080,吐
1081,慣
1082,請
1083,晩
1084,眺
1085,沖
1086,斬
1087,躍
1088,威
1089,勇
1090,屈
1091,勘
1092,徹
1093,斎
1094,謝
1095,昇
1096,艦
1097,寿
1098,催
1099,舎
1100,仁
1101,菜
1102,季
1103,衝
1104,液
1105,箱
1106,到
1107,券
1108,脚
1109,虎
1110,祭
1111,潮
1112,袋
1113,穴
1114,怪
1115,仙
1116,燃
1117,輝
1118,緊
1119,頂
1120,唇
1121,杯
1122,忍
1123,毒
1124,狂
1125,札
1126,狙
1127,牛
1128,奪
1129,診
1130,竜
1131,脇
1132,債
1133,鈴
1134,僧
1135,卒
1136,掲
1137,伯
1138,副
1139,皆
1140,敬
1141,熊
1142,針
1143,妹
1144,拝
1145,浴
1146,浪
1147,梅
1148,悩
1149,看
1150,俊
1151,汚
1152,摘
1153,灯
1154,項
1155,霊
1156,坊
1157,尻
1158,垣
1159,慢
1160,扱
1161,渉
1162,招
1163,涙
1164,如
1165,停
1166,寒
1167,叩
1168,了
1169,縮
1170,詳
1171,旦
1172,汗
1173,恥
1174,慮
1175,雅
1176,砲
1177,謀
1178,懐
1179,愚
1180,郵
1181,舌
1182,駄
1183,奴
1184,幅
1185,豆
1186,童
1187,又
1188,銭
1189,抑
1190,侍
1191,疲
1192,虫
1193,宙
1194,埋
1195,範
1196,舟
1197,闇
1198,棒
1199,貨
1200,龍
1201,肌
1202,臓
1203,塩
1204,籠
1205,潜
1206,酔
1207,呂
1208,還
1209,丹
1210,亜
1211,亀
1212,沼
1213,巡
1214,頰
1215,均
1216,湖
1217,臭
1218,慶
1219,距
1220,釈
1221,侵
1222,僚
1223,貧
1224,損
1225,悟
1226,膝
1227,猫
1228,隆
1229,裂
1230,尋
1231,貸
1232,旗
1233,羅
1234,揮
1235,辛
1236,票
1237,乃
1238,稲
1239,胞
1240,双
1241,懸
1242,稿
1243,塚
1244,盤
1245,災
1246,曹
1247,尽
1248,嫁
1249,繁
1250,即
1251,軒
1252,績
1253,帳
1254,飾
1255,沿
1256,獲
1257,伴
1258,唐
1259,狭
1260,干
1261,添
1262,剤
1263,姓
1264,誤
1265,魅
1266,契
1267,掘
1268,邪
1269,挑
1270,免
1271,爵
1272,択
1273,籍
1274,珍
1275,廊
1276,析
1277,訓
1278,預
1279,輩
1280,敏
1281,署
1282,鶴
1283,虚
1284,努
1285,往
1286,趣
1287,烈
1288,索
1289,匂
1290,漁
1291,摩
1292,菊
1293,緑
1294,滑
1295,沙
1296,裸
1297,孝
1298,綱
1299,邸
1300,弘
1301,勉
1302,邦
1303,揚
1304,卓
1305,騎
1306,噓
1307,墓
1308,姫
1309,畳
1310,孔
1311,耐
1312,須
1313,臨
1314,献
1315,脈
1316,咲
1317,貿
1318,芝
1319,踊
1320,唱
1321,封
1322,亭
1323,誕
1324,貫
1325,兆
1326,噂
1327,偽
1328,奮
1329,桜
1330,熟
1331,柱
1332,排
1333,透
1334,棄
1335,駐
1336,削
1337,奏
1338,幻
1339,祝
1340,麗
1341,逮
1342,誠
1343,炎
1344,炭
1345,椅
1346,寛
1347,斉
1348,穂
1349,柔
1350,幾
1351,兼
1352,飼
1353,促
1354,雇
1355,乾
1356,尚
1357,彩
1358,鋭
1359,暖
1360,俗
1361,較
1362,傍
1363,坐
1364,肝
1365,畑
1366,濡
1367,笠
1368,峰
1369,氷
1370,抵
1371,恩
1372,吞
1373,誇
1374,網
1375,隅
1376,渋
1377,冊
1378,賛
1379,糸
1380,魂
1381,牧
1382,控
1383,澤
1384,紛
1385,嬉
1386,廻
1387,募
1388,薩
1389,昌
1390,戒
1391,没
1392,既
1393,股
1394,脅
1395,靖
1396,征
1397,覆
1398,郡
1399,丘
1400,佳
1401,叔
1402,託
1403,哀
1404,肥
1405,朗
1406,柴
1407,慎
1408,悠
1409,眉
1410,拒
1411,概
1412,顧
1413,硬
1414,腐
1415,塗
1416,挨
1417,孤
1418,拶
1419,憎
1420,却
1421,泥
1422,賊
1423,荘
1424,宏
1425,匠
1426,悔
1427,朋
1428,獄
1429,滞
1430,脂
1431,粉
1432,遇
1433,淡
1434,覗
1435,浩
1436,購
1437,併
1438,崇
1439,唯
1440,劉
1441,垂
1442,詞
1443,岐
1444,俳
1445,筒
1446,斜
1447,嬢
1448,陥
1449,掃
1450,償
1451,鑑
1452,勧
1453,葬
1454,焦
1455,丞
1456,剛
1457,膨
1458,廷
1459,紫
1460,銘
1461,鎌
1462,菌
1463,稼
1464,偶
1465,譲
1466,随
1467,猛
1468,李
1469,遂
1470,冒
1471,泰
1472,翼
1473,忙
1474,凄
1475,序
1476,扉
1477,是
1478,寸
1479,賃
1480,偵
1481,澄
1482,殊
1483,緩
1484,頑
1485,杢
1486,塔
1487,賢
1488,拾
1489,紋
1490,撫
1491,麦
1492,庄
1493,溜
1494,糖
1495,煮
1496,芳
1497,刷
1498,惨
1499,歓
1500,嶋
1501,晋
1502,虐
1503,喉
1504,旨
1505,凝
1506,圏
1507,卵
1508,呆
1509,鷹
1510,拭
1511,涯
1512,貞
1513,堅
1514,倫
1515,揃
1516,壇
1517,呉
1518,這
1519,械
1520,暇
1521,皿
1522,頷
1523,辰
1524,貌
1525,塞
1526,噴
1527,婆
1528,岳
1529,祈
1530,嘉
1531,蹴
1532,鍵
1533,膳
1534,尺
1535,桂
1536,罰
1537,漏
1538,灰
1539,朱
1540,召
1541,覧
1542,摑
1543,漂
1544,汁
1545,溶
1546,寂
1547,嘆
1548,泳
1549,禅
1550,浄
1551,其
1552,翔
1553,酷
1554,喋
1555,刃
1556,漫
1557,磨
1558,嚙
1559,霧
1560,暑
1561,粒
1562,喫
1563,棚
1564,袖
1565,洩
1566,壮
1567,旬
1568,机
1569,彫
1570,靴
1571,庵
1572,需
1573,偉
1574,鎖
1575,潰
1576,貯
1577,匹
1578,縦
1579,粧
1580,綿
1581,慌
1582,穏
1583,贈
1584,枠
1585,謎
1586,誉
1587,逸
1588,駒
1589,凍
1590,惜
1591,措
1592,剝
1593,瓶
1594,晶
1595,琴
1596,摂
1597,拍
1598,稽
1599,礎
1600,遭
1601,帽
1602,掌
1603,鍋
1604,弓
1605,克
1606,据
1607,胆
1608,跳
1609,縛
1610,呟
1611,祐
1612,鎮
1613,雷
1614,涼
1615,頁
1616,躰
1617,恨
1618,顕
1619,殖
1620,寧
1621,湧
1622,棋
1623,淳
1624,巧
1625,綾
1626,浸
1627,秒
1628,桃
1629,隔
1630,班
1631,甚
1632,妊
1633,祉
1634,獣
1635,疾
1636,塾
1637,潟
1638,湿
1639,幡
1640,撲
1641,塊
1642,槍
1643,絞
1644,履
1645,苗
1646,芋
1647,冗
1648,陶
1649,励
1650,陳
1651,篠
1652,藝
1653,陀
1654,喧
1655,猿
1656,於
1657,葛
1658,傘
1659,蒸
1660,禄
1661,啓
1662,劣
1663,撤
1664,殴
1665,盾
1666,貰
1667,衰
1668,栗
1669,滝
1670,慰
1671,馴
1672,蛇
1673,梨
1674,癖
1675,潤
1676,菓
1677,鉢
1678,洲
1679,戯
1680,腸
1681,偏
1682,駕
1683,巣
1684,宴
1685,耕
1686,炉
1687,棟
1688,洞
1689,睨
1690,狩
1691,陛
1692,鴨
1693,磁
1694,潔
1695,膜
1696,乏
1697,祥
1698,曾
1699,淵
1700,舗
1701,抽
1702,桐
1703,駿
1704,睡
1705,賭
1706,括
1707,貢
1708,犠
1709,粗
1710,卑
1711,軀
1712,貼
1713,拉
1714,蘭
1715,牲
1716,帆
1717,挿
1718,翻
1719,胡
1720,羊
1721,枕
1722,錯
1723,謙
1724,鉱
1725,珠
1726,蓄
1727,儲
1728,伍
1729,拓
1730,鼓
1731,膚
1732,粋
1733,尉
1734,胃
1735,后
1736,粘
1737,披
1738,徐
1739,悦
1740,堪
1741,挟
1742,冠
1743,郊
1744,愉
1745,蘇
1746,此
1747,狼
1748,尿
1749,顎
1750,蝶
1751,魏
1752,誓
1753,憂
1754,舐
1755,蔦
1756,繫
1757,簿
1758,糧
1759,搔
1760,架
1761,筈
1762,芽
1763,軸
1764,輔
1765,苛
1766,蓋
1767,爺
1768,銅
1769,圭
1770,盆
1771,紗
1772,凶
1773,妃
1774,哉
1775,庶
1776,秩
1777,裾
1778,幽
1779,凡
1780,猪
1781,惚
1782,漠
1783,拙
1784,郁
1785,嘩
1786,恒
1787,暦
1788,腫
1789,峠
1790,篇
1791,宰
1792,蒼
1793,蛮
1794,窮
1795,擦
1796,爪
1797,稚
1798,夷
1799,辱
1800,嵐
1801,憤
1802,癒
1803,鬱
1804,疎
1805,雰
1806,溢
1807,彰
1808,蓮
1809,肺
1810,傑
1811,拘
1812,頻
1813,緯
1814,妖
1815,豚
1816,或
1817,藍
1818,矛
1819,鍛
1820,繊
1821,縫
1822,把
1823,楼
1824,捉
1825,牢
1826,漬
1827,腿
1828,紳
1829,飽
1830,宛
1831,閥
1832,旋
1833,坪
1834,菩
1835,崖
1836,幌
1837,叱
1838,鶏
1839,鈍
1840,峡
1841,吊
1842,溝
1843,逢
1844,朴
1845,軌
1846,瓦
1847,喪
1848,墨
1849,疫
1850,貝
1851,鮎
1852,遍
1853,梁
1854,堺
1855,濁
1856,缶
1857,扇
1858,枯
1859,拳
1860,揉
1861,乙
1862,酵
1863,辻
1864,馳
1865,堤
1866,宋
1867,阻
1868,桑
1869,雀
1870,虜
1871,綺
1872,牡
1873,樽
1874,怯
1875,乞
1876,恭
1877,鐘
1878,喰
1879,剰
1880,慈
1881,径
1882,培
1883,擁
1884,郭
1885,呪
1886,尖
1887,砕
1888,趙
1889,汰
1890,勃
1891,翁
1892,絹
1893,壺
1894,譜
1895,陵
1896,痴
1897,笛
1898,昧
1899,訟
1900,駈
1901,唾
1902,漱
1903,肪
1904,塀
1905,髙
1906,蒲
1907,碁
1908,惣
1909,敢
1910,祀
1911,塁
1912,洛
1913,滴
1914,囁
1915,暁
1916,胴
1917,菱
1918,謡
1919,秦
1920,紐
1921,卿
1922,飢
1923,麿
1924,欄
1925,艶
1926,菅
1927,痕
1928,怠
1929,恰
1930,欺
1931,弦
1932,泡
1933,晃
1934,諦
1935,敦
1936,伐
1937,餅
1938,歪
1939,寮
1940,昂
1941,符
1942,厄
1943,奔
1944,瞳
1945,昆
1946,亮
1947,噌
1948,椎
1949,懇
1950,唄
1951,渦
1952,襟
1953,吟
1954,蜀
1955,覇
1956,衡
1957,畜
1958,呈
1959,隙
1960,淫
1961,娠
1962,循
1963,矩
1964,懲
1965,錦
1966,棲
1967,叡
1968,猟
1969,袁
1970,幣
1971,附
1972,箇
1973,梶
1974,醜
1975,軟
1976,箸
1977,濯
1978,戚
1979,喚
1980,窺
1981,紺
1982,某
1983,鋼
1984,褒
1985,魯
1986,蒙
1987,惹
1988,赴
1989,媒
1990,隈
1991,妬
1992,遮
1993,窯
1994,侯
1995,隻
1996,釜
1997,茎
1998,蔑
1999,狐
2000,嗅
2001,杖
2002,壌
2003,蜜
2004,尼
2005,肢
2006,赦
2007,酬
2008,戴
2009,詠
2010,斗
2011,鄭
2012,宜
2013,殻
2014,墳
2015,炊
2016,碑
2017,柏
2018,伺
2019,瘦
2020,但
2021,奨
2022,践
2023,滋
2024,毅
2025,儒
2026,沸
2027,皺
2028,薦
2029,蓮
2030,騙
2031,禿
2032,磯
2033,怨
2034,姜
2035,曇
2036,栽
2037,刈
2038,閑
2039,錠
2040,扶
2041,斐
2042,妥
2043,仇
2044,妨
2045,苑
2046,萩
2047,醒
2048,詣
2049,胎
2050,窟
2051,巾
2052,蜂
2053,忌
2054,唸
2055,賑
2056,骸
2057,弄
2058,嫉
2059,漕
2060,烏
2061,粛
2062,罵
2063,囚
2064,諏
2065,呻
2066,鉛
2067,肯
2068,桶
2069,燥
2070,搭
2071,諭
2072,愕
2073,璧
2074,辿
2075,阜
2076,喝
2077,贅
2078,享
2079,靴
2080,騰
2081,嗣
2082,鵜
2083,巳
2084,勅
2085,襖
2086,篤
2087,孟
2088,筑
2089,勲
2090,埼
2091,伎
2092,咳
2093,堵
2094,曖
2095,只
2096,燈
2097,詐
2098,國
2099,笹
2100,綴
2101,餌
2102,稀
2103,焚
2104,岬
2105,曽
2106,條
2107,霞
2108,暫
2109,播
2110,讃
2111,雰
2112,爽
2113,盃
2114,燭
2115,肖
2116,瞳
2117,滲
2118,詮
2119,倭
2120,諾
2121,零
2122,柿
2123,芯
2124,喘
2125,淀
2126,莫
2127,讐
2128,綻
2129,詫
2130,董
2131,訂
2132,龍
2133,蔭
2134,捧
2135,楚
2136,汲
2137,蕎
2138,汽
2139,薫
2140,竿
2141,隷
2142,碗
2143,鳩
2144,俵
2145,傳
2146,窪
2147,妾
2148,姑
2149,遷
2150,髭
2151,枢
2152,肘
2153,麓
2154,痺
2155,憧
2156,兎
2157,帥
2158,漆
2159,酌
2160,庇
2161,頓
2162,賠
2163,渇
2164,慕
2165,塵
2166,叶
2167,裡
2168,𠮟
2169,蠟
2170,拗
2171,婿
2172,妄
2173,藪
2174,慨
2175,匿
2176,寅
2177,渓
2178,眸
2179,穿
2180,眞
2181,聡
2182,遥
2183,侮
2184,髄
2185,悶
2186,穀
2187,勿
2188,瑞
2189,蟹
2190,鳳
2191,厭
2192,薪
2193,轄
2194,臥
2195,憑
2196,洪
2197,拳
2198,牙
2199,咽
2200,迅
2201,該
2202,逐
2203,杏
2204,嘲
2205,釘
2206,楠
2207,廣
2208,墜
2209,臆
2210,餓
2211,挫
2212,淋
2213,訝
2214,楊
2215,芥
2216,錬
2217,桟
2218,琉
2219,樺
2220,溺
2221,賄
2222,盲
2223,鯨
2224,佑
2225,侶
2226,剃
2227,荻
2228,娼
2229,迦
2230,袴
2231,艇
2232,杜
2233,丼
2234,洒
2235,俣
2236,眩
2237,堕
2238,忽
2239,揆
2240,瞼
2241,旭
2242,瘍
2243,槽
2244,憩
2245,僅
2246,諜
2247,閲
2248,獅
2249,渕
2250,糞
2251,鞘
2252,咎
2253,柵
2254,鞭
2255,禰
2256,畔
2257,躇
2258,睦
2259,蝦
2260,唆
2261,躊
2262,悼
2263,俱
2264,茜
2265,垢
2266,吏
2267,穫
2268,酢
2269,姐
2270,玲
2271,砦
2272,函
2273,苔
2274,賜
2275,腎
2276,叛
2277,鼠
2278,梗
2279,牌
2280,瑠
2281,儂
2282,琶
2283,伽
2284,帖
2285,瓜
2286,煽
2287,簞
2288,簾
2289,嶺
2290,羨
2291,搬
2292,琵
2293,剖
2294,酎
2295,畿
2296,宵
2297,拐
2298,峯
2299,醸
2300,茫
2301,闇
2302,猶
2303,鷲
2304,絆
2305,諮
2306,畏
2307,吠
2308,泌
2309,槌
2310,轟
2311,隙
2312,愁
2313,橘
2314,埃
2315,冴
2316,薙
2317,逝
2318,稔
2319,頸
2320,朽
2321,硫
2322,厨
2323,瞭
2324,殆
2325,甥
2326,癌
2327,擬
2328,憐
2329,仔
2330,叙
2331,辻
2332,弊
2333,累
2334,妓
2335,煩
2336,踪
2337,裳
2338,輿
2339,梯
2340,藻
2341,荼
2342,諫
2343,膣
2344,蚊
2345,牽
2346,薇
2347,栃
2348,且
2349,笥
2350,罠
2351,蹟
2352,鋳
2353,蔽
2354,薔
2355,珊
2356,茨
2357,雛
2358,狽
2359,汝
2360,棺
2361,註
2362,鷗
2363,舵
2364,慄
2365,瀧
2366,傲
2367,裟
2368,吻
2369,曳
2370,隼
2371,萌
2372,斐
2373,芭
2374,藁
2375,硝
2376,晒
2377,舶
2378,臀
2379,盧
2380,葦
2381,租
2382,狸
2383,摺
2384,倣
2385,謹
2386,抹
2387,曼
2388,虹
2389,捻
2390,娯
2391,箕
2392,臼
2393,濤
2394,喩
2395,襞
2396,鞄
2397,萎
2398,攣
2399,撒
2400,濠
2401,槻
2402,鋒
2403,凌
2404,俯
2405,稽
2406,緋
2407,蛍
2408,蕉
2409,芦
2410,姦
2411,窒
2412,噺
2413,湊
2414,韓
2415,腺
2416,桁
2417,玩
2418,冶
2419,羞
2420,袈
2421,奢
2422,娥
2423,佇
2424,媚
2425,栓
2426,蔣
2427,叉
2428,鯉
2429,惧
2430,寵
2431,閃
2432,掠
2433,錏
2434,寡
2435,櫓
2436,哢
2437,奼
2438,攘
2439,鞍
2440,砥
2441,畝
2442,淑
2443,嫡
2444,迂
2445,腔
2446,屯
2447,糾
2448,凰
2449,艘
2450,纏
2451,櫻
2452,翠
2453,而
2454,檜
2455,猥
2456,炒
2457,鎧
2458,屍
2459,秤
2460,撥
2461,莉
2462,遡
2463,肴
2464,衿
2465,狗
2466,陪
2467,謳
2468,翳
2469,雌
2470,峨
2471,瑜
2472,八
2473,舷
2474,昏
2475,葵
2476,舘
2477,挺
2478,葡
2479,踵
2480,允
2481,筑
2482,霜
2483,殉
2484,覇
2485,紡
2486,榊
2487,貪
2488,甦
2489,梓
2490,餉
2491,庸
2492,套
2493,逞
2494,些
2495,韻
2496,灌
2497,繕
2498,搾
2499,椿
2500,軋
2501,燕
2502,樋
2503,刹
2504,采
2505,岸
2506,嵯
2507,堆
2508,禍
2509,磐
2510,祇
2511,醍
2512,檀
2513,茅
2514,雁
2515,咄
2516,煎
2517,姻
2518,醐
2519,杭
2520,閤
2521,蟬
2522,瞑
2523,斑
2524,冥
2525,峙
2526,遙
2527,粥
2528,抄
2529,痙
2530,遁
2531,肚
2532,拷
2533,遜
2534,饅
2535,旺
2536,蔓
2537,曰
2538,壕
2539,准
2540,耶
2541,勾
2542,廉
2543,儘
2544,亨
2545,捲
2546,爾
2547,屑
2548,榎
2549,螺
2550,蛙
2551,餐
2552,礁
2553,腑
2554,蕩
2555,萬
2556,縞
2557,鏑
2558,壱
2559,鴻
2560,嵌
2561,畠
2562,麵
2563,樫
2564,升
2565,挽
2566,芙
2567,灘
2568,廓
2569,鉤
2570,卸
2571,蟻
2572,嗟
2573,﨑
2574,耗
2575,醬
2576,倖
2577,兜
2578,蜘
2579,謁
2580,璃
2581,瘦
2582,坑
2583,擢
2584,蛛
2585,串
2586,鳶
2587,渾
2588,絨
2589,倶
2590,黎
2591,焉
2592,稜
2593,弔
2594,寇
2595,惟
2596,驒
2597,賓
2598,粕
2599,塡
2600,卯
2601,袂
2602,啞
2603,叢
2604,廟
2605,巌
2606,丑
2607,耽
2608,疼
2609,轢
2610,几
2611,俄
2612,痢
2613,煌
2614,鴉
2615,乍
2616,嚇
2617,濫
2618,萄
2619,謎
2620,俸
2621,訛
2622,嗚
2623,闊
2624,鸞
2625,伎
2626,湛
2627,嗜
2628,妄
2629,梢
2630,箋
2631,聚
2632,灼
2633,茸
2634,蒔
2635,椀
2636,柑
2637,慧
2638,巴
2639,賤
2640,按
2641,暢
2642,髷
2643,甫
2644,粟
2645,邑
2646,檻
2647,凸
2648,倅
2649,輛
2650,顚
2651,鯛
2652,瞠
2653,瞥
2654,墟
2655,坦
2656,脊
2657,鰻
2658,詔
2659,遼
2660,繡
2661,緻
2662,牝
2663,禱
2664,凜
2665,晦
2666,嬌
2667,圃
2668,咥
2669,凹
2670,楯
2671,麴
2672,鄧
2673,錆
2674,罹
2675,彷
2676,凱
2677,櫛
2678,俠
2679,跨
2680,嶽
2681,鍬
2682,諒
2683,巫
2684,煉
2685,籠
2686,譚
2687,祠
2688,脆
2689,胤
2690,罷
2691,曝
2692,啜
2693,棹
2694,巷
2695,幀
2696,戮
2697,漸
2698,贋
2699,汐
2700,栖
2701,掬
2702,訣
2703,牟
2704,襄
2705,爛
2706,捏
2707,荊
2708,峻
2709,纂
2710,撰
2711,冨
2712,賦
2713,杵
2714,弧
2715,歎
2716,饒
2717,糊
2718,佛
2719,褐
2720,鮭
2721,鱗
2722,嗤
2723,弛
2724,掟
2725,綸
2726,僻
2727,欽
2728,礫
2729,辣
2730,摯
2731,刎
2732,揶
2733,來
2734,揄
2735,堰
2736,飴
2737,碧
2738,鰹
2739,蹄
2740,憧
2741,魁
2742,匕
2743,濱
2744,瑛
2745,汎
2746,葺
2747,誅
2748,劫
2749,憚
2750,斯
2751,遽
2752,靄
2753,謂
2754,埒
2755,欣
2756,毯
2757,玖
2758,鞋
2759,沫
2760,胚
2761,捷
2762,癪
2763,姪
2764,啼
2765,荀
2766,斥
2767,梵
2768,饉
2769,彬
2770,囊
2771,瀕
2772,傭
2773,楓
2774,郤
2775,亦
2776,厘
2777,迄
2778,獏
2779,倦
2780,屛
2781,紘
2782,抉
2783,矯
2784,犀
2785,蛭
2786,鉉
2787,狡
2788,萌
2789,毘
2790,毀
2791,奸
2792,淹
2793,耆
2794,艸
2795,崔
2796,舅
2797,窃
2798,顰
2799,遼
2800,颯
2801,戟
2802,嵩
2803,蓬
2804,疹
2805,扮
2806,逍
2807,仄
2808,舜
2809,瑚
2810,疵
2811,鮨
2812,斧
2813,焔
2814,厩
2815,喬
2816,臍
2817,靡
2818,卜
2819,屹
2820,奕
2821,麟
2822,恍
2823,采
2824,哨
2825,歿
2826,茉
2827,遵
2828,熾
2829,蔡
2830,頑
2831,萱
2832,懿
2833,竦
2834,蠣
2835,醬
2836,賂
2837,學
2838,逗
2839,惰
2840,禎
2841,腋
2842,裔
2843,蕃
2844,瀾
2845,桓
2846,蚕
2847,脛
2848,冑
2849,葱
2850,咤
2851,悸
2852,膏
2853,泄
2854,憫
2855,寓
2856,鵬
2857,于
2858,齋
2859,彅
2860,沁
2861,捌
2862,氾
2863,做
2864,勒
2865,蠅
2866,乎
2867,舳
2868,聯
2869,贔
2870,屁
2871,肛
2872,隙
2873,朧
2874,趨
2875,諧
2876,錫
2877,屓
2878,僑
2879,痒
2880,泪
2881,倹
2882,躾
2883,宥
2884,款
2885,狄
2886,嘗
2887,鮫
2888,橇
2889,鑿
2890,哭
2891,斡
2892,亘
2893,憮
2894,蘆
2895,沌
2896,媛
2897,襲
2898,粂
2899,竪
2900,讀
2901,孕
2902,篝
2903,跪
2904,磚
2905,肱
2906,笙
2907,悉
2908,槙
2909,扁
2910,榴
2911,痩
2912,肋
2913,穢
2914,那
2915,沓
2916,椒
2917,縋
2918,拐
2919,渚
2920,尤
2921,檎
2922,茹
2923,絢
2924,悴
2925,瞞
2926,躱
2927,憾
2928,呵
2929,殷
2930,堡
2931,虔
2932,怜
2933,茄
2934,戊
2935,咬
2936,筵
2937,隋
2938,佃
2939,瘤
2940,嘔
2941,聳
2942,誦
2943,趾
2944,糠
2945,哺
2946,恫
2947,聟
2948,蕾
2949,雍
2950,馨
2951,絃
2952,肇
2953,蒐
2954,銚
2955,凛
2956,蛆
2957,蠢
2958,偲
2959,楕
2960,悍
2961,斃
2962,賽
2963,軫
2964,豹
2965,蝕
2966,袢
2967,湘
2968,媛
2969,辟
2970,凪
2971,勁
2972,托
2973,炸
2974,奄
2975,宕
2976,褪
2977,癇
2978,蕪
2979,攫
2980,錨
2981,錐
2982,綜
2983,襦
2984,攪
2985,燻
2986,燦
2987,藉
2988,銜
2989,珂
2990,矧
2991,囃
2992,缺
2993,拵
2994,晰
2995,淮
2996,蛋
2997,蓑
2998,膵
2999,捺
3000,麾
3001,炬
3002,已
3003,捩
3004,鄙
3005,印
3006,縠
3007,衷
3008,苫
3009,圓
3010,徨
3011,暈
3012,絲
3013,螢
3014,袱
3015,彙
3016,膠
3017,蠍
3018,吃
3019,弼
3020,亥
3021,厠
3022,窩
3023,桔
3024,屠
3025,框
3026,聰
3027,迭
3028,邁
3029,渥
3030,蕗
3031,婢
3032,簀
3033,髯
3034,埠
3035,彗
3036,澱
3037,臺
3038,柚
3039,窄
3040,箔
3041,祟
3042,熙
3043,轍
3044,嘱
3045,應
3046,驕
3047,壬
3048,脹
3049,煤
3050,恣
3051,鹼
3052,鼎
3053,嘴
3054,膿
3055,鋸
3056,墾
3057,瓢
3058,蓉
3059,堯
3060,龐
3061,耀
3062,誼
3063,簪
3064,聘
3065,舘
3066,輯
3067,貶
3068,﨟
3069,柩
3070,霖
3071,鮒
3072,彌
3073,棘
3074,逡
3075,鬢
3076,璃
3077,褌
3078,燿
3079,與
3080,團
3081,鰊
3082,澪
3083,猾
3084,嗄
3085,饗
3086,杓
3087,逼
3088,埴
3089,燐
3090,呷
3091,掏
3092,痣
3093,顫
3094,脩
3095,惠
3096,涎
3097,疇
3098,竈
3099,躙
3100,渠
3101,侘
3102,擲
3103,滸
3104,硯
3105,筧
3106,賈
3107,櫃
3108,謗
3109,邇
3110,岱
3111,涸
3112,糺
3113,朔
3114,廿
3115,冀
3116,咸
3117,赳
3118,靭
3119,椋
3120,痰
3121,閻
3122,汀
3123,疋
3124,棍
3125,睫
3126,芒
3127,鋏
3128,惇
3129,剌
3130,帷
3131,謐
3132,睾
3133,碩
3134,朶
3135,蹲
3136,琳
3137,槇
3138,笈
3139,緬
3140,弗
3141,會
3142,鬨
3143,燗
3144,釧
3145,駁
3146,襷
3147,碇
3148,榜
3149,漿
3150,炙
3151,翰
3152,匡
3153,兇
3154,壜
3155,舛
3156,幟
3157,搦
3158,朦
3159,鍔
3160,鰯
3161,乖
3162,站
3163,魄
3164,鶯
3165,撥
3166,摸
3167,邊
3168,譚
3169,廠
3170,匪
3171,瞰
3172,祓
3173,姥
3174,榛
3175,凋
3176,庖
3177,璋
3178,飄
3179,徊
3180,蟠
3181,鬚
3182,龕
3183,逓
3184,筏
3185,彿
3186,燵
3187,甕
3188,褄
3189,傅
3190,儡
3191,釉
3192,剋
3193,截
3194,經
3195,傀
3196,皓
3197,邉
3198,耀
3199,壽
3200,夥
3201,疆
3202,劾
3203,鍾
3204,噤
3205,戍
3206,梟
3207,檮
3208,洟
3209,熄
3210,鞠
3211,凧
3212,恢
3213,雫
3214,誹
3215,伜
3216,瀟
3217,艾
3218,掩
3219,匙
3220,殲
3221,漲
3222,躁
3223,吼
3224,麺
3225,毬
3226,矜
3227,莞
3228,菖
3229,酪
3230,尹
3231,汪
3232,芻
3233,醤
3234,慇
3235,鯖
3236,蛤
3237,匁
3238,浙
3239,瑕
3240,艫
3241,瀆
3242,咀
3243,啖
3244,懣
3245,檄
3246,禮
3247,萊
3248,鱒
3249,懃
3250,鉾
3251,徘
3252,戎
3253,鉦
3254,滔
3255,灸
3256,穆
3257,奎
3258,幇
3259,骸
3260,滾
3261,鱈
3262,淘
3263,德
3264,椰
3265,毫
3266,躅
3267,宍
3268,沃
3269,娶
3270,嶌
3271,躑
3272,鼾
3273,筲
3274,郃
3275,禽
3276,塑
3277,痘
3278,憬
3279,實
3280,烙
3281,籐
3282,粮
3283,贖
3284,吉
3285,漉
3286,朕
3287,娩
3288,悧
3289,箒
3290,蜻
3291,贄
3292,麒
3293,珈
3294,當
3295,蛉
3296,禦
3297,諺
3298,稟
3299,蹂
3300,竺
3301,牒
3302,烹
3303,丕
3304,欒
3305,嬲
3306,萬
3307,紬
3308,緋
3309,梃
3310,樅
3311,盥
3312,磔
3313,縣
3314,膀
3315,虞
3316,凭
3317,抒
3318,拮
3319,齧
3320,諦
3321,嬰
3322,徽
3323,苧
3324,塹
3325,閨
3326,鷺
3327,懺
3328,枡
3329,竄
3330,丙
3331,胱
3332,閏
3333,咆
3334,屏
3335,戌
3336,榮
3337,羌
3338,舁
3339,韮
3340,崗
3341,猜
3342,噛
3343,嚥
3344,游
3345,琥
3346,矮
3347,腱
3348,鰓
3349,華
3350,教
3351,匈
3352,爲
3353,憔
3354,櫂
3355,縊
3356,諍
3357,斤
3358,杷
3359,焙
3360,絣
3361,祁
3362,冤
3363,圀
3364,拿
3365,澹
3366,躓
3367,餃
3368,穣
3369,佩
3370,恁
3371,槿
3372,馘
3373,芹
3374,譬
3375,跋
3376,頽
3377,駝
3378,綽
3379,馮
3380,鋤
3381,獰
3382,箭
3383,囮
3384,斂
3385,泛
3386,秣
3387,鉈
3388,懼
3389,梳
3390,疱
3391,迸
3392,寬
3393,琢
3394,褐
3395,嚼
3396,戈
3397,瘡
3398,臂
3399,帛
3400,橙
3401,煕
3402,庚
3403,柾
3404,濾
3405,衒
3406,謖
3407,叟
3408,怕
3409,漑
3410,珀
3411,禹
3412,緞
3413,裃
3414,縷
3415,諷
3416,轡
3417,掻
3418,捗
3419,俘
3420,崋
3421,撼
3422,銛
3423,鐵
3424,瓚
3425,撞
3426,俟
3427,剽
3428,駱
3429,梱
3430,恪
3431,昵
3432,莢
3433,鍼
3434,楢
3435,擡
3436,葭
3437,麩
3438,偃
3439,曼
3440,梧
3441,嶮
3442,悄
3443,仆
3444,嘯
3445,朔
3446,弐
3447,敲
3448,頤
3449,馭
3450,廬
3451,茨
3452,蛾
3453,琢
3454,牀
3455,琲
3456,塼
3457,奘
3458,竟
3459,黴
3460,豹
3461,碍
3462,俎
3463,寨
3464,筍
3465,鑽
3466,皐
3467,酋
3468,什
3469,喊
3470,徠
3471,槃
3472,翅
3473,曙
3474,舩
3475,竣
3476,枇
3477,籾
3478,訥
3479,鰺
3480,哮
3481,涅
3482,舫
3483,苺
3484,兌
3485,處
3486,恃
3487,枷
3488,餞
3489,赫
3490,蛸
3491,桧
3492,爬
3493,彪
3494,抛
3495,杞
3496,蟇
3497,訃
3498,扈
3499,術
3500,謄
3561,繭
3729,璽
3753,勺
3781,錘
4004,銑
4345,頒
